{"cameraMode":{"drawMode":0,"name":"Shaded","section":"Shading Mode"},"sceneLighting":true,"audioPlay":false,"sceneViewState":{"m_AlwaysRefresh":false,"showFog":true,"showSkybox":true,"showFlares":true,"showImageEffects":true,"showParticleSystems":true,"showVisualEffectGraphs":true,"m_FxEnabled":true},"in2DMode":false,"pivot":{"x":20.433231353759767,"y":-31.267332077026368,"z":62.718162536621097},"rotation":{"x":-0.23274439573287965,"y":0.6974433660507202,"z":-0.2591906189918518,"w":-0.6262928247451782},"size":167.27940368652345,"orthographic":false}