{"cameraMode":{"drawMode":0,"name":"Shaded","section":"Shading Mode"},"sceneLighting":false,"audioPlay":false,"sceneViewState":{"m_AlwaysRefresh":false,"showFog":true,"showSkybox":false,"showFlares":true,"showImageEffects":true,"showParticleSystems":true,"showVisualEffectGraphs":true,"m_FxEnabled":true},"in2DMode":false,"pivot":{"x":-0.01033782958984375,"y":0.12031575292348862,"z":-0.1744537353515625},"rotation":{"x":-0.23274439573287965,"y":0.6974433660507202,"z":-0.2591906189918518,"w":-0.6262928247451782},"size":70.71067810058594,"orthographic":false}