{"cameraMode":{"drawMode":0,"name":"Shaded","section":"Shading Mode"},"sceneLighting":false,"audioPlay":false,"sceneViewState":{"m_AlwaysRefresh":false,"showFog":false,"showSkybox":false,"showFlares":false,"showImageEffects":false,"showParticleSystems":false,"showVisualEffectGraphs":true,"m_FxEnabled":true},"in2DMode":false,"pivot":{"x":0.11733956634998322,"y":0.7621279954910278,"z":-0.05796539783477783},"rotation":{"x":0.002968006767332554,"y":-0.9967508316040039,"z":0.06769298762083054,"w":0.04367751255631447},"size":0.8778720498085022,"orthographic":false}